<?xml version="1.0" encoding="UTF-8"?>
<project-private xmlns="http://www.netbeans.org/ns/project-private/1">
    <editor-bookmarks xmlns="http://www.netbeans.org/ns/editor-bookmarks/2" lastBookmarkId="0"/>
    <open-files xmlns="http://www.netbeans.org/ns/projectui-open-files/2">
        <group>
            <file>file:/C:/Users/Du/Desktop/SE/MET/god2/HW/CS230/CS230-DZ03/CS230-DZ03/web/prikaz.jsp</file>
            <file>file:/C:/Users/Du/Desktop/SE/MET/god2/HW/CS230/CS230-DZ03/CS230-DZ03/web/index.jsp</file>
            <file>file:/C:/Users/Du/Desktop/SE/MET/god2/HW/CS230/CS230-DZ03/CS230-DZ03/web/forma.jsp</file>
        </group>
    </open-files>
</project-private>
